{"iter": 19500, "train/loss": 0.7689538598060608, "val/loss": 0.9723747372627258, "lr": 0.0001, "mfu": 22.597011380580078, "_timestamp": 1713818408.2766507, "_runtime": 581.9044127464294, "_step": 78}