{"iter": 4750, "train/loss": 0.6017193794250488, "val/loss": 0.7105621099472046, "lr": 0.00010576819746349742, "mfu": 22.685008180072668, "_timestamp": 1713808827.964446, "_runtime": 163.13236498832703, "_step": 19, "_wandb": {"runtime": 166}}